{"cameraMode":{"drawMode":0,"name":"Shaded","section":"Shading Mode"},"sceneLighting":true,"audioPlay":false,"sceneViewState":{"showFog":false,"showMaterialUpdate":false,"showSkybox":false,"showFlares":false,"showImageEffects":false,"showParticleSystems":false},"in2DMode":false,"pivot":{"x":1.7772952318191529,"y":19.242752075195314,"z":-1.881975769996643},"rotation":{"x":-0.3620767891407013,"y":-0.0907459631562233,"z":0.03534167632460594,"w":-0.9271376729011536},"size":18.281230926513673,"orthographic":false}