{"cameraMode":{"drawMode":0,"name":"Shaded","section":"Shading Mode"},"sceneLighting":true,"audioPlay":false,"sceneViewState":{"showFog":false,"showMaterialUpdate":false,"showSkybox":false,"showFlares":false,"showImageEffects":false,"showParticleSystems":false},"in2DMode":false,"pivot":{"x":2.7271933555603029,"y":9.249879837036133,"z":8.725136756896973},"rotation":{"x":-0.3122626543045044,"y":-0.2639632821083069,"z":-0.0907561331987381,"w":0.9081129431724548},"size":9.066324234008789,"orthographic":false}