{"cameraMode":{"drawMode":0,"name":"Shaded","section":"Shading Mode"},"sceneLighting":true,"audioPlay":false,"sceneViewState":{"showFog":false,"showMaterialUpdate":false,"showSkybox":false,"showFlares":false,"showImageEffects":false,"showParticleSystems":false},"in2DMode":false,"pivot":{"x":-5.414888858795166,"y":7.285653114318848,"z":32.567317962646487},"rotation":{"x":0.05213584750890732,"y":0.034727148711681369,"z":0.0018364109564572573,"w":-0.9980613589286804},"size":50.80595397949219,"orthographic":false}