{"cameraMode":{"drawMode":0,"name":"Shaded","section":"Shading Mode"},"sceneLighting":false,"audioPlay":false,"sceneViewState":{"showFog":false,"showMaterialUpdate":false,"showSkybox":false,"showFlares":false,"showImageEffects":false,"showParticleSystems":false},"in2DMode":false,"pivot":{"x":-0.23829317092895509,"y":-2.2623019218444826,"z":-1.9073123931884766},"rotation":{"x":-0.035506125539541247,"y":0.9644695520401001,"z":-0.1889892965555191,"w":-0.18119315803050996},"size":11.060500144958496,"orthographic":false}