{"cameraMode":{"drawMode":0,"name":"Shaded","section":"Shading Mode"},"sceneLighting":true,"audioPlay":false,"sceneViewState":{"showFog":false,"showMaterialUpdate":false,"showSkybox":false,"showFlares":false,"showImageEffects":false,"showParticleSystems":false},"in2DMode":false,"pivot":{"x":4.184755325317383,"y":-0.4745434522628784,"z":18.248153686523439},"rotation":{"x":-0.11099240928888321,"y":-0.03995657339692116,"z":0.004495866131037474,"w":-0.9930413961410523},"size":11.08065128326416,"orthographic":false}