{"cameraMode":{"drawMode":0,"name":"Shaded","section":"Shading Mode"},"sceneLighting":false,"audioPlay":false,"sceneViewState":{"showFog":false,"showMaterialUpdate":false,"showSkybox":false,"showFlares":false,"showImageEffects":false,"showParticleSystems":false},"in2DMode":false,"pivot":{"x":-1.9172086715698243,"y":4.770000457763672,"z":12.430000305175782},"rotation":{"x":-0.25291088223457339,"y":0.27838054299354555,"z":-0.07621651142835617,"w":-0.9234673976898193},"size":24.914457321166993,"orthographic":false}