{"cameraMode":{"drawMode":0,"name":"Shaded","section":"Shading Mode"},"sceneLighting":true,"audioPlay":false,"sceneViewState":{"showFog":false,"showMaterialUpdate":false,"showSkybox":false,"showFlares":false,"showImageEffects":false,"showParticleSystems":false},"in2DMode":false,"pivot":{"x":-5.043588638305664,"y":0.26743030548095705,"z":-1.761061668395996},"rotation":{"x":-0.023900944739580156,"y":0.9689165949821472,"z":-0.22361503541469575,"w":-0.10392048954963684},"size":12.989607810974121,"orthographic":false}