{"cameraMode":{"drawMode":0,"name":"Shaded","section":"Shading Mode"},"sceneLighting":true,"audioPlay":false,"sceneViewState":{"showFog":false,"showMaterialUpdate":false,"showSkybox":false,"showFlares":false,"showImageEffects":false,"showParticleSystems":false},"in2DMode":false,"pivot":{"x":-2.1599998474121095,"y":1.70639169216156,"z":21.920000076293947},"rotation":{"x":-0.16602905094623567,"y":-0.016318125650286676,"z":0.002653149189427495,"w":-0.9860676527023315},"size":12.989607810974121,"orthographic":false}