{"cameraMode":{"drawMode":0,"name":"Shaded","section":"Shading Mode"},"sceneLighting":false,"audioPlay":false,"sceneViewState":{"showFog":false,"showMaterialUpdate":false,"showSkybox":false,"showFlares":false,"showImageEffects":false,"showParticleSystems":false},"in2DMode":false,"pivot":{"x":-31.677589416503908,"y":-10.892662048339844,"z":35.05649185180664},"rotation":{"x":0.10392728447914124,"y":-0.34395888447761538,"z":0.03833690285682678,"w":0.9324303865432739},"size":55.8582763671875,"orthographic":false}