{"cameraMode":{"drawMode":0,"name":"Shaded","section":"Shading Mode"},"sceneLighting":false,"audioPlay":false,"sceneViewState":{"showFog":false,"showMaterialUpdate":false,"showSkybox":false,"showFlares":false,"showImageEffects":false,"showParticleSystems":false},"in2DMode":false,"pivot":{"x":-0.26569750905036929,"y":0.5880244970321655,"z":17.95978355407715},"rotation":{"x":0.059058643877506259,"y":-0.17281220853328706,"z":0.010381028056144715,"w":0.9831300973892212},"size":11.060500144958496,"orthographic":false}