{"cameraMode":{"drawMode":0,"name":"Shaded","section":"Shading Mode"},"sceneLighting":true,"audioPlay":false,"sceneViewState":{"showFog":false,"showMaterialUpdate":false,"showSkybox":false,"showFlares":false,"showImageEffects":false,"showParticleSystems":false},"in2DMode":false,"pivot":{"x":3.818061113357544,"y":0.7045000195503235,"z":10.806119918823243},"rotation":{"x":0.1638508439064026,"y":-0.15991581976413728,"z":0.026893027126789094,"w":0.9731040000915527},"size":9.066324234008789,"orthographic":false}