{"cameraMode":{"drawMode":0,"name":"Shaded","section":"Shading Mode"},"sceneLighting":true,"audioPlay":false,"sceneViewState":{"showFog":false,"showMaterialUpdate":false,"showSkybox":false,"showFlares":false,"showImageEffects":false,"showParticleSystems":false},"in2DMode":false,"pivot":{"x":-5.990619659423828,"y":6.1399993896484379,"z":13.756071090698243},"rotation":{"x":0.03868445008993149,"y":-0.0030264905653893949,"z":-0.00021300913067534566,"w":-0.9993240237236023},"size":34.41914749145508,"orthographic":false}