{"cameraMode":{"drawMode":0,"name":"Shaded","section":"Shading Mode"},"sceneLighting":false,"audioPlay":false,"sceneViewState":{"showFog":false,"showMaterialUpdate":false,"showSkybox":false,"showFlares":false,"showImageEffects":false,"showParticleSystems":false},"in2DMode":false,"pivot":{"x":0.936750054359436,"y":0.04225000739097595,"z":0.0},"rotation":{"x":-0.14168331027030946,"y":0.09335041791200638,"z":-0.013615675270557404,"w":-0.9854945540428162},"size":4.5331621170043949,"orthographic":false}