{"cameraMode":{"drawMode":0,"name":"Shaded","section":"Shading Mode"},"sceneLighting":true,"audioPlay":false,"sceneViewState":{"showFog":false,"showMaterialUpdate":false,"showSkybox":false,"showFlares":false,"showImageEffects":false,"showParticleSystems":false},"in2DMode":false,"pivot":{"x":-3.092566728591919,"y":-3.9302611351013185,"z":16.676414489746095},"rotation":{"x":-0.25291088223457339,"y":0.27838054299354555,"z":-0.07621651142835617,"w":-0.9234673976898193},"size":29.710948944091798,"orthographic":false}