{"cameraMode":{"drawMode":0,"name":"Shaded","section":"Shading Mode"},"sceneLighting":true,"audioPlay":false,"sceneViewState":{"showFog":false,"showMaterialUpdate":false,"showSkybox":false,"showFlares":false,"showImageEffects":false,"showParticleSystems":false},"in2DMode":false,"pivot":{"x":-4.58249044418335,"y":3.46748685836792,"z":-0.25676941871643069},"rotation":{"x":-0.10958510637283325,"y":0.013376734219491482,"z":-0.001571557018905878,"w":-0.9939636588096619},"size":2.9165351390838625,"orthographic":false}