{"cameraMode":{"drawMode":0,"name":"Shaded","section":"Shading Mode"},"sceneLighting":false,"audioPlay":false,"sceneViewState":{"showFog":false,"showMaterialUpdate":false,"showSkybox":false,"showFlares":false,"showImageEffects":false,"showParticleSystems":false},"in2DMode":false,"pivot":{"x":13.314072608947754,"y":17.4495906829834,"z":-30.123044967651368},"rotation":{"x":0.0000012900014780825587,"y":-0.9977187514305115,"z":0.0003104438364971429,"w":-0.06802748888731003},"size":24.914457321166993,"orthographic":false}