{"cameraMode":{"drawMode":0,"name":"Shaded","section":"Shading Mode"},"sceneLighting":true,"audioPlay":false,"sceneViewState":{"showFog":false,"showMaterialUpdate":false,"showSkybox":false,"showFlares":false,"showImageEffects":false,"showParticleSystems":false},"in2DMode":false,"pivot":{"x":4.935937404632568,"y":4.799394607543945,"z":4.958971977233887},"rotation":{"x":0.10958991199731827,"y":0.00031036182190291584,"z":-0.000026701954993768595,"w":0.9939874410629273},"size":2.3334522247314455,"orthographic":false}