{"cameraMode":{"drawMode":0,"name":"Shaded","section":"Shading Mode"},"sceneLighting":true,"audioPlay":false,"sceneViewState":{"showFog":false,"showMaterialUpdate":false,"showSkybox":false,"showFlares":false,"showImageEffects":false,"showParticleSystems":false},"in2DMode":false,"pivot":{"x":-5.499601364135742,"y":3.5885708332061769,"z":-2.781026840209961},"rotation":{"x":-0.010514480993151665,"y":0.9892021417617798,"z":-0.09108304977416992,"w":-0.11509912461042404},"size":12.989607810974121,"orthographic":false}