{"cameraMode":{"drawMode":0,"name":"Shaded","section":"Shading Mode"},"sceneLighting":true,"audioPlay":false,"sceneViewState":{"showFog":false,"showMaterialUpdate":false,"showSkybox":false,"showFlares":false,"showImageEffects":false,"showParticleSystems":false},"in2DMode":false,"pivot":{"x":2.7793331146240236,"y":3.3307600021362306,"z":3.6740198135375978},"rotation":{"x":-0.2254181057214737,"y":0.20739050209522248,"z":-0.04916289821267128,"w":-0.9506840109825134},"size":12.599571228027344,"orthographic":false}