{"cameraMode":{"drawMode":0,"name":"Shaded","section":"Shading Mode"},"sceneLighting":true,"audioPlay":false,"sceneViewState":{"showFog":false,"showMaterialUpdate":false,"showSkybox":false,"showFlares":false,"showImageEffects":false,"showParticleSystems":false},"in2DMode":false,"pivot":{"x":1.367818832397461,"y":8.410791397094727,"z":15.712231636047364},"rotation":{"x":-0.16602905094623567,"y":-0.016318125650286676,"z":0.002653149189427495,"w":-0.9860676527023315},"size":22.0,"orthographic":false}