{"cameraMode":{"drawMode":0,"name":"Shaded","section":"Shading Mode"},"sceneLighting":false,"audioPlay":false,"sceneViewState":{"showFog":false,"showMaterialUpdate":false,"showSkybox":false,"showFlares":false,"showImageEffects":false,"showParticleSystems":false},"in2DMode":false,"pivot":{"x":2.382138252258301,"y":-5.762941360473633,"z":-2.36029052734375},"rotation":{"x":-0.10332690924406052,"y":-0.8955851197242737,"z":0.2817753553390503,"w":-0.328526109457016},"size":22.86307144165039,"orthographic":false}