{"cameraMode":{"drawMode":0,"name":"Shaded","section":"Shading Mode"},"sceneLighting":true,"audioPlay":false,"sceneViewState":{"showFog":false,"showMaterialUpdate":false,"showSkybox":false,"showFlares":false,"showImageEffects":false,"showParticleSystems":false},"in2DMode":false,"pivot":{"x":1.0363335609436036,"y":1.549769401550293,"z":-0.41355133056640627},"rotation":{"x":-0.02916017547249794,"y":-0.9637879133224487,"z":0.23769403994083405,"w":-0.11791949719190598},"size":7.110980033874512,"orthographic":false}