{"cameraMode":{"drawMode":0,"name":"Shaded","section":"Shading Mode"},"sceneLighting":true,"audioPlay":false,"sceneViewState":{"showFog":false,"showMaterialUpdate":false,"showSkybox":false,"showFlares":false,"showImageEffects":false,"showParticleSystems":false},"in2DMode":false,"pivot":{"x":-1.8488006591796876,"y":-4.675477981567383,"z":10.637043952941895},"rotation":{"x":0.09220859408378601,"y":-0.6463978290557861,"z":0.07913355529308319,"w":0.7532733678817749},"size":42.26488494873047,"orthographic":false}