{"cameraMode":{"drawMode":0,"name":"Shaded","section":"Shading Mode"},"sceneLighting":true,"audioPlay":false,"sceneViewState":{"showFog":false,"showMaterialUpdate":false,"showSkybox":false,"showFlares":false,"showImageEffects":false,"showParticleSystems":false},"in2DMode":false,"pivot":{"x":-2.9391894340515138,"y":6.43574333190918,"z":10.850566864013672},"rotation":{"x":0.006247666664421558,"y":-0.13546250760555268,"z":0.0008816027548164129,"w":0.9908152222633362},"size":22.0,"orthographic":false}