{"cameraMode":{"drawMode":0,"name":"Shaded","section":"Shading Mode"},"sceneLighting":true,"audioPlay":false,"sceneViewState":{"showFog":true,"showMaterialUpdate":false,"showSkybox":true,"showFlares":true,"showImageEffects":true,"showParticleSystems":true},"in2DMode":false,"pivot":{"x":6.269999980926514,"y":2.5299999713897707,"z":-17.200000762939454},"rotation":{"x":-0.05653652548789978,"y":0.4952820837497711,"z":-0.03214884549379349,"w":-0.8662943243980408},"size":22.0,"orthographic":true}