{"cameraMode":{"drawMode":0,"name":"Shaded","section":"Shading Mode"},"sceneLighting":true,"audioPlay":false,"sceneViewState":{"showFog":false,"showMaterialUpdate":false,"showSkybox":false,"showFlares":false,"showImageEffects":false,"showParticleSystems":false},"in2DMode":false,"pivot":{"x":-20.70427703857422,"y":-0.6578664779663086,"z":22.372610092163087},"rotation":{"x":-0.06727836281061173,"y":0.3076041042804718,"z":-0.02190583571791649,"w":-0.9489616751670837},"size":34.41914749145508,"orthographic":false}