{"cameraMode":{"drawMode":0,"name":"Shaded","section":"Shading Mode"},"sceneLighting":true,"audioPlay":false,"sceneViewState":{"showFog":false,"showMaterialUpdate":false,"showSkybox":false,"showFlares":false,"showImageEffects":false,"showParticleSystems":false},"in2DMode":false,"pivot":{"x":9.914729118347168,"y":3.7558178901672365,"z":5.539938926696777},"rotation":{"x":-0.2116999477148056,"y":0.0017446578713133932,"z":-0.00035899202339351177,"w":-0.9773552417755127},"size":17.665409088134767,"orthographic":false}