{"cameraMode":{"drawMode":0,"name":"Shaded","section":"Shading Mode"},"sceneLighting":true,"audioPlay":false,"sceneViewState":{"showFog":false,"showMaterialUpdate":false,"showSkybox":false,"showFlares":false,"showImageEffects":false,"showParticleSystems":false},"in2DMode":false,"pivot":{"x":-3.4302194118499758,"y":8.384285926818848,"z":-0.44746485352516177},"rotation":{"x":0.11694671958684921,"y":0.042328979820013049,"z":-0.0049227275885641579,"w":0.9923127889633179},"size":12.963303565979004,"orthographic":false}